{
  "shard_count": [
    1,
    2,
    4,
    8,
    16
  ],
  "latency_per_shard": [
    0.84,
    0.42,
    0.21,
    0.105,
    0.0525
  ],
  "total_aggregation_latency": [
    0.84,
    0.441,
    0.2415,
    0.14175,
    0.091875
  ],
  "speedup_ratio": [
    1.0,
    1.904762,
    3.478261,
    5.925926,
    9.142857
  ],
  "amdahl_ceiling": [
    1.0,
    1.904762,
    3.478261,
    5.925926,
    9.142857
  ],
  "weighted_vs_uniform_delta": {
    "homogeneous_l2": 0.0,
    "heterogeneous_l2": 0.00231477,
    "heterogeneous_bias": 0.00012641,
    "acc_uniform": 0.904,
    "acc_weighted": 0.902,
    "acc_optimized": 0.904,
    "acc_delta": -0.002
  },
  "optimized_weights": [
    0.11468014455177575,
    -0.06270534068523452,
    -0.09932557207624451,
    0.1008978312679598,
    -0.34525065752959133,
    -0.15687471053952207,
    0.033863540818771486,
    0.1130605845071889,
    0.1167827757855516,
    -0.3510638871139363,
    -0.06952658683557271,
    0.10470621691276578,
    -0.1243207145679921,
    -0.022260517144474946,
    0.06635051043261866,
    0.023615398705973047,
    0.04135465632698709,
    -0.007940440488131082,
    0.08723400836966255,
    0.0622966090452512
  ],
  "optimized_bias": 0.0056836627914285676,
  "baseline_latency_us": 0.84,
  "parallel_fraction": 0.95,
  "serial_fraction": 0.050000000000000044,
  "n_clients": 20,
  "n_params": 21,
  "benchmark_latency_ms": {
    "1": 0.03242,
    "2": 0.038399,
    "4": 0.055855,
    "8": 0.071095,
    "16": 0.105202
  }
}